author,post_count,viral_posts,avg_score,avg_comments,max_score,viral_rate_pct
GrownBrilliance,1209327,0,1.0,2.728790476025095E-5,2,0.0
EchoJobs,160424,0,1.0,4.986785019697801E-4,5,0.0
AutoNewsAdmin,68975,0,1.03,0.005422254440014498,33,0.0
AutoNewspaperAdmin,63727,0,1.02,0.014389505233260628,9,0.0
actbob1000,40386,0,1.01,0.001956123409102164,3,0.0
rClipsBot,28473,0,1.0,0.0018262915744740632,3,0.0
crytoloover,28446,0,1.0,3.515432749771497E-5,2,0.0
rrmdp,20562,0,1.0,0.0024803034724248615,2,0.0
ThomasGregorich,20388,0,1.16,0.012360211889346674,156,0.0
toonstick420,17957,0,0.99,3.8982012585621204E-4,2,0.0
transcribersofreddit,16122,0,1.01,3.0510482570400694,13,0.0
Medical_Demand1543,15772,0,1.0,2.53613999492772E-4,2,0.0
sharewithme,12963,0,1.09,9.257116408238834E-4,6,0.0
posluhniho,12879,0,1.22,0.6651137510676295,16,0.0
Short_Algo,12562,0,1.0,0.002308549594013692,38,0.0
jobsinanywhere,12356,0,1.0,0.003399158303658142,3,0.0
LoveMangaBuddy,12354,0,1.01,0.004371053909664886,4,0.0
abjinternational,11955,0,1.26,0.005520702634880803,93,0.0
stargirl754,11855,0,1.75,0.7732602277520034,13,0.0
prettyflower45,11342,0,2.57,0.8244577675894904,119,0.0
