model,roc_auc,f1
LogisticRegression,0.6455589864169424,0.9560634648202464
RandomForest,0.594035256042107,0.9366439424003629
